,precision,recall,f1-score,support
alta,1.0,0.9911242603550295,0.9955423476968797,338.0
baja,0.9879518072289156,0.9879518072289156,0.9879518072289156,83.0
media,0.9811320754716981,1.0,0.9904761904761905,156.0
accuracy,0.9930675909878682,0.9930675909878682,0.9930675909878682,0.9930675909878682
macro avg,0.9896946275668711,0.993025355861315,0.9913234484673286,577.0
weighted avg,0.9931656911153984,0.9930675909878682,0.9930807612406085,577.0
