RMSE,R2,MAE
0.15163656526797908,0.9729763198496459,0.057110485590771684
